week,species,metric,value,prev
2023-12-21,beef,export_korea,4580,
2023-12-21,beef,export_total,13170,
2023-12-21,pork,export_korea,3520,
2023-12-21,pork,export_total,28920,
2023-12-28,beef,export_korea,4810,
2023-12-28,beef,export_total,17010,
2023-12-28,pork,export_korea,3190,
2023-12-28,pork,export_total,21950,
2023-12-30,beef,cutout,2.91,2.9
2023-12-30,beef,live_price,172.13,170.13
2023-12-30,beef,production,429400018.1,524300000
2023-12-30,beef,slaughter,500018.2,621000
2023-12-30,pork,cutout,0.83,0.82
2023-12-30,pork,live_price,45.32,47.76
2023-12-30,pork,production,483300000,523100000
2023-12-30,pork,slaughter,2233000,2420000
2024-01-04,beef,export_korea,2702,
2024-01-04,beef,export_total,6460,
2024-01-04,pork,export_korea,2463,
2024-01-04,pork,export_total,17810,
2024-01-06,beef,cutout,2.79,2.91
2024-01-06,beef,live_price,174.65,172.13
2024-01-06,beef,production,470300000,429400000
2024-01-06,beef,slaughter,556000,508000
2024-01-06,pork,cutout,0.84,0.83
2024-01-06,pork,live_price,44.56,45.32
2024-01-06,pork,production,514200000,480700000
2024-01-06,pork,slaughter,2381000,2221000
2024-01-11,beef,export_korea,4620,
2024-01-11,beef,export_total,15240,
2024-01-11,pork,export_korea,4060,
2024-01-11,pork,export_total,31380,
2024-01-13,beef,cutout,2.83,2.79
2024-01-13,beef,live_price,174.32,174.65
2024-01-13,beef,production,465200000,466100000
2024-01-13,beef,slaughter,549000,551000
2024-01-13,pork,cutout,0.85,0.84
2024-01-13,pork,live_price,44.96,44.56
2024-01-13,pork,production,493000000,512100000
2024-01-13,pork,slaughter,2279000,2371000
2024-01-20,beef,cutout,2.95,2.83
2024-01-20,beef,live_price,172.29,174.32
2024-01-20,beef,production,523800013.2,462700000
2024-01-20,beef,slaughter,610013,556000
2024-01-20,pork,cutout,0.88,0.85
2024-01-20,pork,live_price,46.62,44.96
2024-01-20,pork,production,575800000,470300000
2024-01-20,pork,slaughter,2652000,2174000
2024-01-25,beef,export_korea,4220,
2024-01-25,beef,export_total,15440,
2024-01-25,pork,export_korea,3540,
2024-01-25,pork,export_total,30070,
2024-01-27,beef,cutout,3,2.95
2024-01-27,beef,live_price,175.39,172.29
2024-01-27,beef,production,522500000,523800000
2024-01-27,beef,slaughter,618000,617000
2024-01-27,pork,cutout,0.89,0.88
2024-01-27,pork,live_price,56.27,46.62
2024-01-27,pork,production,592300000,471000000
2024-01-27,pork,slaughter,2719000,2630000
2024-02-01,beef,export_korea,4040,
2024-02-01,beef,export_total,16090,
2024-02-01,pork,export_korea,4540,
2024-02-01,pork,export_total,41770,
2024-02-03,beef,cutout,2.96,3
2024-02-03,beef,live_price,177.74,175.39
2024-02-03,beef,production,536800000,522500000
2024-02-03,beef,slaughter,637000,618000
2024-02-03,pork,cutout,0.88,0.89
2024-02-03,pork,live_price,61.76,56.27
2024-02-03,pork,production,586800000,585800000
2024-02-03,pork,slaughter,2691000,2689000
2024-02-08,beef,export_korea,4680,
2024-02-08,beef,export_total,16390,
2024-02-08,pork,export_korea,5890,
2024-02-08,pork,export_total,75910,
2024-02-10,beef,cutout,2.94,2.96
2024-02-10,beef,live_price,178.85,177.74
2024-02-10,beef,production,519900000,536800000
2024-02-10,beef,slaughter,622000,637000
2024-02-10,pork,cutout,0.86,0.88
2024-02-10,pork,live_price,63.79,61.76
2024-02-10,pork,production,570400000,586800000
2024-02-10,pork,slaughter,2622000,2691000
2024-02-15,beef,export_korea,4120,
2024-02-15,beef,export_total,15660,
2024-02-15,pork,export_korea,5010,
2024-02-15,pork,export_total,36840,
2024-02-17,beef,cutout,2.94,2.94
2024-02-17,beef,live_price,180.3,178.85
2024-02-17,beef,production,506900000,519900000
2024-02-17,beef,slaughter,608000,622000
2024-02-17,pork,cutout,0.88,0.86
2024-02-17,pork,live_price,69.45,63.79
2024-02-17,pork,production,556000000,570400000
2024-02-17,pork,slaughter,2559000,2622000
2024-02-22,beef,export_korea,3930,
2024-02-22,beef,export_total,15860,
2024-02-22,pork,export_korea,4810,
2024-02-22,pork,export_total,33170,
2024-02-24,beef,cutout,2.99,2.94
2024-02-24,beef,live_price,181.05,180.3
2024-02-24,beef,production,491800000,506900000
2024-02-24,beef,slaughter,593000,608000
2024-02-24,pork,cutout,0.92,0.88
2024-02-24,pork,live_price,71.49,69.45
2024-02-24,pork,production,558900000,556000000
2024-02-24,pork,slaughter,2578000,2559000
2024-02-29,beef,export_korea,4260,
2024-02-29,beef,export_total,15960,
2024-02-29,pork,export_korea,5190,
2024-02-29,pork,export_total,31970,
2024-03-02,beef,cutout,3.03,2.99
2024-03-02,beef,live_price,183.31,181.05
2024-03-02,beef,production,496900000,491800000
2024-03-02,beef,slaughter,599000,593000
2024-03-02,pork,cutout,0.92,0.92
2024-03-02,pork,live_price,72.67,71.49
2024-03-02,pork,production,551100000,558900000
2024-03-02,pork,slaughter,2549000,2578000
2024-03-07,beef,export_korea,4750,
2024-03-07,beef,export_total,15960,
2024-03-07,pork,export_korea,5570,
2024-03-07,pork,export_total,34480,
2024-03-09,beef,cutout,3.06,3.03
2024-03-09,beef,live_price,185.15,183.31
2024-03-09,beef,production,484100000,496900000
2024-03-09,beef,slaughter,583000,599000
2024-03-09,pork,cutout,0.92,0.92
2024-03-09,pork,live_price,76.81,72.67
2024-03-09,pork,production,530300000,551100000
2024-03-09,pork,slaughter,2456000,2549000
2024-03-14,beef,export_korea,3890,
2024-03-14,beef,export_total,14430,
2024-03-14,pork,export_korea,4990,
2024-03-14,pork,export_total,32130,
2024-03-16,beef,cutout,3.1,3.06
2024-03-16,beef,live_price,187.82,185.15
2024-03-16,beef,production,501400000,484100000
2024-03-16,beef,slaughter,601000,583000
2024-03-16,pork,cutout,0.93,0.92
2024-03-16,pork,live_price,79.94,76.81
2024-03-16,pork,production,533000000,530300000
2024-03-16,pork,slaughter,2471000,2456000
2024-03-21,beef,export_korea,3530,
2024-03-21,beef,export_total,14070,
2024-03-21,pork,export_korea,4770,
2024-03-21,pork,export_total,34200,
2024-03-23,beef,cutout,3.13,3.1
2024-03-23,beef,live_price,189.52,187.82
2024-03-23,beef,production,500400000,501400000
2024-03-23,beef,slaughter,598000,601000
2024-03-23,pork,cutout,0.93,0.93
2024-03-23,pork,live_price,79.3,79.94
2024-03-23,pork,production,545800000,531900000
2024-03-23,pork,slaughter,2532000,2466000
2024-03-28,beef,export_korea,3760,
2024-03-28,beef,export_total,13340,
2024-03-28,pork,export_korea,5910,
2024-03-28,pork,export_total,34900,
2024-03-30,beef,cutout,3.09,3.13
2024-03-30,beef,live_price,188.1,189.52
2024-03-30,beef,production,493000000,500400000
2024-03-30,beef,slaughter,586000,598000
2024-03-30,pork,cutout,0.95,0.93
2024-03-30,pork,live_price,81.47,79.3
2024-03-30,pork,production,517600000,545800000
2024-03-30,pork,slaughter,2404000,2532000
2024-04-04,beef,export_korea,3570,
2024-04-04,beef,export_total,13860,
2024-04-04,pork,export_korea,5240,
2024-04-04,pork,export_total,35460,
2024-04-06,beef,cutout,3.01,3.09
2024-04-06,beef,live_price,187.04,188.1
2024-04-06,beef,production,513700000,493000000
2024-04-06,beef,slaughter,609000,586000
2024-04-06,pork,cutout,0.97,0.95
2024-04-06,pork,live_price,86.7,81.47
2024-04-06,pork,production,521200000,517600000
2024-04-06,pork,slaughter,2421000,2404000
2024-04-11,pork,export_korea,5550,
2024-04-11,pork,export_total,41720,
2024-04-13,beef,cutout,3,3.01
2024-04-13,beef,live_price,183.93,187.04
2024-04-13,beef,production,509800000,517100000
2024-04-13,beef,slaughter,603000,613000
2024-04-13,pork,cutout,1.01,0.97
2024-04-13,pork,live_price,86.6,86.7
2024-04-13,pork,production,534600000,521200000
2024-04-13,pork,slaughter,2485000,2421000
2024-04-18,beef,export_korea,3380,
2024-04-18,beef,export_total,13820,
2024-04-18,pork,export_korea,5370,
2024-04-18,pork,export_total,40010,
2024-04-20,beef,cutout,2.97,3
2024-04-20,beef,live_price,182.94,183.93
2024-04-20,beef,production,524300000,509800000
2024-04-20,beef,slaughter,620000,603000
2024-04-20,pork,cutout,1.01,1.01
2024-04-20,pork,live_price,88.49,86.6
2024-04-20,pork,production,536000000,534600000
2024-04-20,pork,slaughter,2487000,2485000
2024-04-25,beef,export_korea,3430,
2024-04-25,beef,export_total,14630,
2024-04-25,pork,export_korea,5370,
2024-04-25,pork,export_total,36210,
2024-04-27,beef,cutout,2.97,2.97
2024-04-27,beef,live_price,184,182.94
2024-04-27,beef,production,518600000,524300000
2024-04-27,beef,slaughter,613000,620000
2024-04-27,pork,cutout,0.98,1.01
2024-04-27,pork,live_price,90.38,88.49
2024-04-27,pork,production,513300000,536000000
2024-04-27,pork,slaughter,2379000,2487000
2024-05-02,beef,export_korea,4230,
2024-05-02,beef,export_total,16240,
2024-05-02,pork,export_korea,5400,
2024-05-02,pork,export_total,35010,
2024-05-04,beef,cutout,2.95,2.97
2024-05-04,beef,live_price,186.19,184
2024-05-04,beef,production,523900000,518600000
2024-05-04,beef,slaughter,619000,613000
2024-05-04,pork,cutout,0.98,0.98
2024-05-04,pork,live_price,89.39,90.38
2024-05-04,pork,production,519800000,513300000
2024-05-04,pork,slaughter,2406000,2379000
2024-05-09,beef,export_korea,3490,
2024-05-09,beef,export_total,15590,
2024-05-09,pork,export_korea,4310,
2024-05-09,pork,export_total,33160,
2024-05-11,beef,cutout,2.97,2.95
2024-05-11,beef,live_price,185.25,186.19
2024-05-11,beef,production,526600000,526500000
2024-05-11,beef,slaughter,622000,622000
2024-05-11,pork,cutout,0.99,0.98
2024-05-11,pork,live_price,88.41,89.39
2024-05-11,pork,production,515400000,520100000
2024-05-11,pork,slaughter,2390000,2407000
2024-05-16,beef,export_korea,5130,
2024-05-16,beef,export_total,17300,
2024-05-16,pork,export_korea,4290,
2024-05-16,pork,export_total,34280,
2024-05-18,beef,cutout,3.07,2.97
2024-05-18,beef,live_price,187.03,185.25
2024-05-18,beef,production,507100000,526600000
2024-05-18,beef,slaughter,598000,622000
2024-05-18,pork,cutout,1.01,0.99
2024-05-18,pork,live_price,86.43,88.41
2024-05-18,pork,production,517500000,513000000
2024-05-18,pork,slaughter,2400400,2379000
2024-05-25,beef,cutout,3.12,3.07
2024-05-25,beef,live_price,190.12,187.03
2024-05-25,beef,production,515600000,507100000
2024-05-25,beef,slaughter,607000,598000
2024-05-25,pork,cutout,1,1.01
2024-05-25,pork,live_price,86.64,86.43
2024-05-25,pork,production,511000000,517500000
2024-05-25,pork,slaughter,2374000,2400400
2024-05-30,beef,export_korea,3230,
2024-05-30,beef,export_total,15290,
2024-05-30,pork,export_korea,3570,
2024-05-30,pork,export_total,34430,
2024-06-01,beef,cutout,3.13,3.12
2024-06-01,beef,live_price,187.42,190.12
2024-06-01,beef,production,459300010.9,515600000
2024-06-01,beef,slaughter,540011,607000
2024-06-01,pork,cutout,1.03,1
2024-06-01,pork,live_price,86.9,86.64
2024-06-01,pork,production,464100000,508400000
2024-06-01,pork,slaughter,2155000,2362000
2024-06-06,beef,export_korea,4100,
2024-06-06,beef,export_total,16570,
2024-06-06,pork,export_korea,3350,
2024-06-06,pork,export_total,32800,
2024-06-08,beef,cutout,3.16,3.13
2024-06-08,beef,live_price,186.73,187.42
2024-06-08,beef,production,522000013.7,459300000
2024-06-08,beef,slaughter,610013.7,540000
2024-06-08,pork,cutout,1.01,1.03
2024-06-08,pork,live_price,85.98,86.9
2024-06-08,pork,production,521200000,464100000
2024-06-08,pork,slaughter,2422000,2155000
2024-06-13,beef,export_korea,4300,
2024-06-13,beef,export_total,16750,
2024-06-13,pork,export_korea,3220,
2024-06-13,pork,export_total,28970,
2024-06-15,beef,cutout,3.18,3.16
2024-06-15,beef,live_price,191.65,186.73
2024-06-15,beef,production,522400000,522000000
2024-06-15,beef,slaughter,615000,614000
2024-06-15,pork,cutout,1,1.01
2024-06-15,pork,live_price,87.61,85.98
2024-06-15,pork,production,515100000,521200000
2024-06-15,pork,slaughter,2390000,2422000
2024-06-20,beef,export_korea,3930,
2024-06-20,beef,export_total,16420,
2024-06-20,pork,export_korea,2660,
2024-06-20,pork,export_total,28300,
2024-06-22,beef,cutout,3.21,3.18
2024-06-22,beef,live_price,195.11,191.65
2024-06-22,beef,production,525800000,522400000
2024-06-22,beef,slaughter,620000,615000
2024-06-22,pork,cutout,0.98,1
2024-06-22,pork,live_price,86.04,87.61
2024-06-22,pork,production,521500000,513000000
2024-06-22,pork,slaughter,2419000,2380000
2024-06-27,beef,export_korea,3040,
2024-06-27,beef,export_total,16060,
2024-06-27,pork,export_korea,2600,
2024-06-27,pork,export_total,30020,
2024-06-29,beef,cutout,3.24,3.21
2024-06-29,beef,live_price,193.92,191.11
2024-06-29,beef,production,515700000,525800000
2024-06-29,beef,slaughter,609000,620000
2024-06-29,pork,cutout,0.96,0.98
2024-06-29,pork,live_price,89.17,86.04
2024-06-29,pork,production,521500000,521500000
2024-06-29,pork,slaughter,2421000,2419000
2024-07-04,beef,export_korea,2620,
2024-07-04,beef,export_total,14290,
2024-07-04,pork,export_korea,2510,
2024-07-04,pork,export_total,32410,
2024-07-06,beef,cutout,3.3,3.24
2024-07-06,beef,live_price,195.37,193.92
2024-07-06,beef,production,436400015.4,515700000
2024-07-06,beef,slaughter,510015.1,609000
2024-07-06,pork,cutout,0.95,0.96
2024-07-06,pork,live_price,89.45,89.17
2024-07-06,pork,production,438200000,521500000
2024-07-06,pork,slaughter,2045000,2421000
2024-07-11,beef,export_korea,4060,
2024-07-11,beef,export_total,15590,
2024-07-11,pork,export_korea,2230,
2024-07-11,pork,export_total,31940,
2024-07-13,beef,cutout,3.25,3.3
2024-07-13,beef,live_price,194.11,195.37
2024-07-13,beef,production,506000014.8,440600000
2024-07-13,beef,slaughter,600015.1,522000
2024-07-13,pork,cutout,0.96,0.95
2024-07-13,pork,live_price,83.04,89.45
2024-07-13,pork,production,508200000,435800000
2024-07-13,pork,slaughter,2386000,2034000
2024-07-18,beef,export_korea,3530,
2024-07-18,beef,export_total,16290,
2024-07-18,pork,export_korea,2660,
2024-07-18,pork,export_total,32910,
2024-07-20,beef,cutout,3.18,3.25
2024-07-20,beef,live_price,193.14,194.11
2024-07-20,beef,production,491700000,506000000
2024-07-20,beef,slaughter,584000,601000
2024-07-20,pork,cutout,1,0.96
2024-07-20,pork,live_price,82.42,83.04
2024-07-20,pork,production,502800000,503500000
2024-07-20,pork,slaughter,2371000,2364000
2024-07-25,beef,export_korea,4190,
2024-07-25,beef,export_total,16210,
2024-07-25,pork,export_korea,1770,
2024-07-25,pork,export_total,30140,
2024-07-27,beef,cutout,3.13,3.18
2024-07-27,beef,live_price,193.13,193.14
2024-07-27,beef,production,504900000,491700000
2024-07-27,beef,slaughter,600000,584000
2024-07-27,pork,cutout,1.05,1
2024-07-27,pork,live_price,82.13,82.42
2024-07-27,pork,production,515400000,502800000
2024-07-27,pork,slaughter,2436000,2371000
2024-08-01,beef,export_korea,3420,
2024-08-01,beef,export_total,15350,
2024-08-01,pork,export_korea,2720,
2024-08-01,pork,export_total,33180,
2024-08-03,beef,cutout,3.14,3.13
2024-08-03,beef,live_price,194.68,193.13
2024-08-03,beef,production,498700000,504900000
2024-08-03,beef,slaughter,593000,600000
2024-08-03,pork,cutout,1.05,1.05
2024-08-03,pork,live_price,84.07,82.13
2024-08-03,pork,production,519200000,515400000
2024-08-03,pork,slaughter,2455000,2436000
2024-08-08,beef,export_korea,3620,
2024-08-08,beef,export_total,14110,
2024-08-08,pork,export_korea,1860,
2024-08-08,pork,export_total,28820,
2024-08-10,beef,cutout,3.14,3.14
2024-08-10,beef,live_price,191.43,194.68
2024-08-10,beef,production,496900000,498700000
2024-08-10,beef,slaughter,591000,593000
2024-08-10,pork,cutout,1,1.05
2024-08-10,pork,live_price,83.53,84.07
2024-08-10,pork,production,501000000,519200000
2024-08-10,pork,slaughter,2372000,2455000
2024-08-15,beef,export_korea,2900,
2024-08-15,beef,export_total,12500,
2024-08-15,pork,export_korea,1800,
2024-08-15,pork,export_total,28780,
2024-08-17,beef,cutout,3.16,3.14
2024-08-17,beef,live_price,189.8,191.43
2024-08-17,beef,production,506900000,496900000
2024-08-17,beef,slaughter,602000,591000
2024-08-17,pork,cutout,1,1
2024-08-17,pork,live_price,83,83.53
2024-08-17,pork,production,529100000,503300000
2024-08-17,pork,slaughter,2512000,2383000
2024-08-22,beef,export_korea,3530,
2024-08-22,beef,export_total,14800,
2024-08-22,pork,export_korea,1770,
2024-08-22,pork,export_total,29270,
2024-08-24,beef,cutout,3.16,3.16
2024-08-24,beef,live_price,185.73,189.8
2024-08-24,beef,production,513900000,506900000
2024-08-24,beef,slaughter,608000,602000
2024-08-24,pork,cutout,0.97,1
2024-08-24,pork,live_price,80.76,83
2024-08-24,pork,production,526200000,529100000
2024-08-24,pork,slaughter,2503000,2512000
2024-08-29,beef,export_korea,3250,
2024-08-29,beef,export_total,14910,
2024-08-29,pork,export_korea,2030,
2024-08-29,pork,export_total,27960,
2024-08-31,beef,cutout,3.11,3.16
2024-08-31,beef,live_price,183.74,185.73
2024-08-31,beef,production,517800000,513900000
2024-08-31,beef,slaughter,611000,608000
2024-08-31,pork,cutout,0.96,0.97
2024-08-31,pork,live_price,76.64,80.76
2024-08-31,pork,production,509700000,526200000
2024-08-31,pork,slaughter,2429000,2503000
2024-09-05,beef,export_korea,3070,
2024-09-05,beef,export_total,11830,
2024-09-05,pork,export_korea,1630,
2024-09-05,pork,export_total,25720,
2024-09-07,beef,cutout,3.11,3.11
2024-09-07,beef,live_price,181.15,183.74
2024-09-07,beef,production,460600011.1,517800000
2024-09-07,beef,slaughter,540011.3,611000
2024-09-07,pork,cutout,0.96,0.96
2024-09-07,pork,live_price,76.79,76.64
2024-09-07,pork,production,448900000,509700000
2024-09-07,pork,slaughter,2327000,2429000
2024-09-12,beef,export_korea,4450,
2024-09-12,beef,export_total,16420,
2024-09-12,pork,export_korea,2440,
2024-09-12,pork,export_total,31350,
2024-09-14,beef,cutout,3.07,3.11
2024-09-14,beef,live_price,180.72,181.15
2024-09-14,beef,production,527400014.5,460600000
2024-09-14,beef,slaughter,620014.4,542000
2024-09-14,pork,cutout,0.94,0.96
2024-09-14,pork,live_price,76,76.79
2024-09-14,pork,production,540000000,448900000
2024-09-14,pork,slaughter,2571000,2327000
2024-09-19,beef,export_korea,3070,
2024-09-19,beef,export_total,12500,
2024-09-19,pork,export_korea,2020,
2024-09-19,pork,export_total,27900,
2024-09-21,beef,cutout,3.02,3.07
2024-09-21,beef,live_price,182.78,180.72
2024-09-21,beef,production,520300000,527400000
2024-09-21,beef,slaughter,610000,620000
2024-09-21,pork,cutout,0.95,0.94
2024-09-21,pork,live_price,76.88,76
2024-09-21,pork,production,528600000,538700000
2024-09-21,pork,slaughter,2506000,2565000
2024-09-26,beef,export_korea,4130,
2024-09-26,beef,export_total,17740,
2024-09-26,pork,export_korea,1800,
2024-09-26,pork,export_total,25890,
2024-09-28,beef,cutout,2.99,3.02
2024-09-28,beef,live_price,186.09,182.78
2024-09-28,beef,production,524100000,520300000
2024-09-28,beef,slaughter,612000,610000
2024-09-28,pork,cutout,0.95,0.95
2024-09-28,pork,live_price,75.11,76.88
2024-09-28,pork,production,543300000,528600000
2024-09-28,pork,slaughter,2569000,2506000
2024-10-03,beef,export_korea,4300,
2024-10-03,beef,export_total,16040,
2024-10-03,pork,export_korea,1260,
2024-10-03,pork,export_total,22770,
2024-10-05,beef,cutout,3,2.99
2024-10-05,beef,live_price,187.03,186.09
2024-10-05,beef,production,525400000,524100000
2024-10-05,beef,slaughter,611000,612000
2024-10-05,pork,cutout,0.95,0.95
2024-10-05,pork,live_price,74.89,75.11
2024-10-05,pork,production,548800000,539700000
2024-10-05,pork,slaughter,2586000,2552000
2024-10-10,beef,export_korea,3840,
2024-10-10,beef,export_total,15320,
2024-10-10,pork,export_korea,1730,
2024-10-10,pork,export_total,33970,
2024-10-12,beef,cutout,3.08,3
2024-10-12,beef,live_price,187.08,187.03
2024-10-12,beef,production,504100000,525400000
2024-10-12,beef,slaughter,586000,611000
2024-10-12,pork,cutout,0.95,0.95
2024-10-12,pork,live_price,74.34,74.89
2024-10-12,pork,production,548700000,548800000
2024-10-12,pork,slaughter,2584000,2586000
2024-10-17,beef,export_korea,4370,
2024-10-17,beef,export_total,16050,
2024-10-17,pork,export_korea,2580,
2024-10-17,pork,export_total,32060,
2024-10-19,beef,cutout,3.18,3.08
2024-10-19,beef,live_price,187.53,187.08
2024-10-19,beef,production,523500000,504100000
2024-10-19,beef,slaughter,608000,586000
2024-10-19,pork,cutout,0.95,0.95
2024-10-19,pork,live_price,72.05,74.34
2024-10-19,pork,production,555700000,548700000
2024-10-19,pork,slaughter,2613000,2584000
2024-10-24,beef,export_korea,4800,
2024-10-24,beef,export_total,15740,
2024-10-24,pork,export_korea,2930,
2024-10-24,pork,export_total,32270,
2024-10-26,beef,cutout,3.22,3.18
2024-10-26,beef,live_price,190.06,187.53
2024-10-26,beef,production,537200000,523500000
2024-10-26,beef,slaughter,623000,608000
2024-10-26,pork,cutout,0.98,0.95
2024-10-26,pork,live_price,75.66,72.05
2024-10-26,pork,production,552400000,553400000
2024-10-26,pork,slaughter,2593000,2602000
2024-10-31,beef,export_korea,4060,
2024-10-31,beef,export_total,14370,
2024-10-31,pork,export_korea,3300,
2024-10-31,pork,export_total,34980,
2024-11-02,beef,cutout,3.2,3.22
2024-11-02,beef,live_price,189.82,190.06
2024-11-02,beef,production,532100000,537200000
2024-11-02,beef,slaughter,615000,623000
2024-11-02,pork,cutout,1.02,0.98
2024-11-02,pork,live_price,79.06,75.66
2024-11-02,pork,production,565900000,552400000
2024-11-02,pork,slaughter,2653000,2593000
2024-11-07,beef,export_korea,4550,
2024-11-07,beef,export_total,15850,
2024-11-07,pork,export_korea,2880,
2024-11-07,pork,export_total,31090,
2024-11-09,beef,cutout,3.13,3.2
2024-11-09,beef,live_price,187.25,189.82
2024-11-09,beef,production,536400000,532100000
2024-11-09,beef,slaughter,619000,615000
2024-11-09,pork,cutout,1.02,1.02
2024-11-09,pork,live_price,81.67,79.06
2024-11-09,pork,production,556400000,565900000
2024-11-09,pork,slaughter,2605000,2653000
2024-11-14,beef,export_korea,4920,
2024-11-14,beef,export_total,16300,
2024-11-14,pork,export_korea,3290,
2024-11-14,pork,export_total,32000,
2024-11-16,beef,cutout,3.06,3.13
2024-11-16,beef,live_price,184.74,187.25
2024-11-16,beef,production,525600000,536400000
2024-11-16,beef,slaughter,606000,619000
2024-11-16,pork,cutout,0.98,1.02
2024-11-16,pork,live_price,84.67,81.67
2024-11-16,pork,production,563400000,556400000
2024-11-16,pork,slaughter,2633000,2605000
2024-11-21,beef,export_korea,4880,
2024-11-21,beef,export_total,14500,
2024-11-21,pork,export_korea,2810,
2024-11-21,pork,export_total,28100,
2024-11-23,beef,cutout,3.07,3.06
2024-11-23,beef,live_price,185.61,184.74
2024-11-23,beef,production,547300000,525600000
2024-11-23,beef,slaughter,631000,606000
2024-11-23,pork,cutout,0.94,0.98
2024-11-23,pork,live_price,82.72,84.67
2024-11-23,pork,production,549900000,564400000
2024-11-23,pork,slaughter,2565000,2638000
2024-11-28,beef,export_korea,3892,
2024-11-28,beef,export_total,14383,
2024-11-28,pork,export_korea,3592,
2024-11-28,pork,export_total,32154,
2024-11-30,beef,cutout,3.11,3.07
2024-11-30,beef,live_price,189.97,185.61
2024-11-30,beef,production,457300016.4,547300000
2024-11-30,beef,slaughter,520016.3,631000
2024-11-30,pork,cutout,0.91,0.94
2024-11-30,pork,live_price,83.79,82.72
2024-11-30,pork,production,492700010.4,549900000
2024-11-30,pork,slaughter,2290010.6,2565000
2024-12-05,beef,export_korea,4490,
2024-12-05,beef,export_total,15100,
2024-12-05,pork,export_korea,3860,
2024-12-05,pork,export_total,33760,
2024-12-07,beef,cutout,3.1,3.11
2024-12-07,beef,live_price,190.35,189.97
2024-12-07,beef,production,531500014.5,464200000
2024-12-07,beef,slaughter,610014.6,536000
2024-12-07,pork,cutout,0.9,0.91
2024-12-07,pork,live_price,80.13,83.79
2024-12-07,pork,production,559900014.2,490500000
2024-12-07,pork,slaughter,2600014,2283000
2024-12-12,beef,export_korea,4440,
2024-12-12,beef,export_total,15900,
2024-12-12,pork,export_korea,3710,
2024-12-12,pork,export_total,31600,
2024-12-14,beef,cutout,3.14,3.1
2024-12-14,beef,live_price,194.31,189.97
2024-12-14,beef,production,527200000,531500000
2024-12-14,beef,slaughter,609000,614000
2024-12-14,pork,cutout,0.93,0.9
2024-12-14,pork,live_price,78.93,80.13
2024-12-14,pork,production,554600000,559900000
2024-12-14,pork,slaughter,2573000,2602000
2024-12-19,beef,export_korea,4540,
2024-12-19,beef,export_total,16500,
2024-12-19,pork,export_korea,3240,
2024-12-19,pork,export_total,32400,
2024-12-21,beef,cutout,3.17,3.14
2024-12-21,beef,live_price,194.93,194.31
2024-12-21,beef,production,534700000,527200000
2024-12-21,beef,slaughter,617000,609000
2024-12-21,pork,cutout,0.96,0.93
2024-12-21,pork,live_price,76.95,78.93
2024-12-21,pork,production,557700000,551700000
2024-12-21,pork,slaughter,2581000,2560000
2024-12-26,beef,export_korea,3410,
2024-12-26,beef,export_total,12200,
2024-12-26,pork,export_korea,2570,
2024-12-26,pork,export_total,23700,
2024-12-28,beef,cutout,3.2,3.17
2024-12-28,beef,live_price,191.35,194.93
2024-12-28,beef,production,376200029.6,534700000
2024-12-28,beef,slaughter,430029.7,617000
2024-12-28,pork,cutout,0.95,0.96
2024-12-28,pork,live_price,77.27,76.95
2024-12-28,pork,production,444000020.4,557700000
2024-12-28,pork,slaughter,2050020.5,2581000
2025-01-04,beef,cutout,3.25,3.2
2025-01-04,beef,live_price,196.8,191.35
2025-01-04,beef,production,432200014.9,376200000
2025-01-04,beef,slaughter,490014.7,434000
2025-01-04,pork,cutout,0.91,0.95
2025-01-04,pork,live_price,79.59,77.27
2025-01-04,pork,production,495600011.6,444000000
2025-01-04,pork,slaughter,2280011.6,2051000
2025-01-09,pork,export_korea,3870,
2025-01-09,pork,export_total,38200,
2025-01-11,beef,cutout,3.29,3.25
2025-01-11,beef,live_price,202.61,191.35
2025-01-11,beef,production,512100016.6,439100000
2025-01-11,beef,slaughter,580016.4,506000
2025-01-11,pork,cutout,0.9,0.91
2025-01-11,pork,live_price,79,79.59
2025-01-11,pork,production,553100012.7,490800000
2025-01-11,pork,slaughter,2550012.6,2266000
2025-01-16,pork,export_korea,2660,
2025-01-16,pork,export_total,22800,
2025-01-18,beef,cutout,3.34,3.29
2025-01-18,beef,live_price,203.56,202.61
2025-01-18,beef,production,527000000,512100000
2025-01-18,beef,slaughter,603000,589000
2025-01-18,pork,cutout,0.9,0.9
2025-01-18,pork,live_price,78.5,79
2025-01-18,pork,production,571700000,548700000
2025-01-18,pork,slaughter,2627000,2531000
2025-01-23,beef,export_korea,3390,
2025-01-23,beef,export_total,21500,
2025-01-23,pork,export_korea,3300,
2025-01-23,pork,export_total,34100,
2025-01-25,beef,cutout,3.31,3.34
2025-01-25,beef,live_price,204.14,203.56
2025-01-25,beef,production,525300000,527000000
2025-01-25,beef,slaughter,599000,603000
2025-01-25,pork,cutout,0.91,0.9
2025-01-25,pork,live_price,80.38,78.5
2025-01-25,pork,production,540800000,571700000
2025-01-25,pork,slaughter,2477000,2627000
2025-01-30,pork,export_korea,4000,
2025-01-30,pork,export_total,37800,
2025-02-01,beef,cutout,3.3,3.31
2025-02-01,beef,live_price,209.36,204.14
2025-02-01,beef,production,526400000,525300000
2025-02-01,beef,slaughter,600000,599000
2025-02-01,pork,cutout,0.93,0.91
2025-02-01,pork,live_price,83.43,80.38
2025-02-01,pork,production,562900000,540800000
2025-02-01,pork,slaughter,2574000,2477000
2025-02-06,beef,export_korea,4770,
2025-02-06,beef,export_total,14900,
2025-02-06,pork,export_korea,4040,
2025-02-06,pork,export_total,31000,
2025-02-08,beef,cutout,3.27,3.3
2025-02-08,beef,live_price,207.11,209.36
2025-02-08,beef,production,510600000,526400000
2025-02-08,beef,slaughter,584000,600000
2025-02-08,pork,cutout,0.95,0.93
2025-02-08,pork,live_price,83.17,83.43
2025-02-08,pork,production,553100000,561800000
2025-02-08,pork,slaughter,2536000,2569000
2025-02-13,beef,export_korea,3820,
2025-02-13,beef,export_total,14193,
2025-02-13,pork,export_korea,4050,
2025-02-13,pork,export_total,30000,
2025-02-15,beef,cutout,3.19,3.27
2025-02-15,beef,live_price,202.84,207.11
2025-02-15,beef,production,489200000,510600000
2025-02-15,beef,slaughter,561000,584000
2025-02-15,pork,cutout,1,0.95
2025-02-15,pork,live_price,88.23,83.17
2025-02-15,pork,production,553600000,553600000
2025-02-15,pork,slaughter,2540000,2538000
2025-02-20,beef,export_korea,3980,
2025-02-20,beef,export_total,14745,
2025-02-20,pork,export_korea,4060,
2025-02-20,pork,export_total,34000,
2025-02-22,beef,cutout,3.14,3.19
2025-02-22,beef,live_price,199.61,202.84
2025-02-22,beef,production,491100000,489200000
2025-02-22,beef,slaughter,563000,561000
2025-02-22,pork,cutout,0.98,1
2025-02-22,pork,live_price,90.08,88.23
2025-02-22,pork,production,551800000,551200000
2025-02-22,pork,slaughter,2536000,2529000
2025-02-27,beef,export_korea,3420,
2025-02-27,beef,export_total,13200,
2025-02-27,pork,export_korea,4220,
2025-02-27,pork,export_total,32200,
2025-03-01,beef,cutout,3.13,3.14
2025-03-01,beef,live_price,197.74,199.61
2025-03-01,beef,production,494400000,496300000
2025-03-01,beef,slaughter,566000,569000
2025-03-01,pork,cutout,0.98,0.98
2025-03-01,pork,live_price,90.02,88.23
2025-03-01,pork,production,551700000,548700000
2025-03-01,pork,slaughter,2538000,2522000
2025-03-06,pork,export_korea,5900,
2025-03-06,pork,export_total,33570,
2025-03-08,beef,cutout,3.14,3.13
2025-03-08,beef,live_price,196.69,197.74
2025-03-08,beef,production,504900000,494400000
2025-03-08,beef,slaughter,578000,566000
2025-03-08,pork,cutout,0.98,0.98
2025-03-08,pork,live_price,88.89,90.02
2025-03-08,pork,production,524100000,551700000
2025-03-08,pork,slaughter,2418000,2538000
2025-03-13,beef,export_korea,3940,
2025-03-13,beef,export_total,15330,
2025-03-13,pork,export_korea,6185,
2025-03-13,pork,export_total,32850,
2025-03-15,beef,cutout,3.2,3.14
2025-03-15,beef,live_price,205.3,196.69
2025-03-15,beef,production,511900000,504900000
2025-03-15,beef,slaughter,587000,578000
2025-03-15,pork,cutout,0.97,0.98
2025-03-15,pork,live_price,89.05,88.89
2025-03-15,pork,production,543700000,524100000
2025-03-15,pork,slaughter,2515000,2418000
2025-03-20,beef,export_korea,4005,
2025-03-20,beef,export_total,14070,
2025-03-20,pork,export_korea,4110,
2025-03-20,pork,export_total,31640,
2025-03-22,beef,cutout,3.26,3.2
2025-03-22,beef,live_price,208,205.3
2025-03-22,beef,production,486700000,509300000
2025-03-22,beef,slaughter,560000,584000
2025-03-22,pork,cutout,0.96,0.97
2025-03-22,pork,live_price,88.4,89.05
2025-03-22,pork,production,524100000,542400000
2025-03-22,pork,slaughter,2428000,2509000
2025-03-27,beef,export_korea,5190,
2025-03-27,beef,export_total,14880,
2025-03-27,pork,export_korea,5250,
2025-03-27,pork,export_total,32900,
2025-03-29,beef,cutout,3.34,3.26
2025-03-29,beef,live_price,212.25,208
2025-03-29,beef,production,528600000,486700000
2025-03-29,beef,slaughter,609000,560000
2025-03-29,pork,cutout,0.96,0.96
2025-03-29,pork,live_price,88.3,88.4
2025-03-29,pork,production,535700000,522800000
2025-03-29,pork,slaughter,2480000,2422000
2025-04-03,beef,export_korea,5500,
2025-04-03,beef,export_total,15100,
2025-04-03,pork,export_korea,4380,
2025-04-03,pork,export_total,30100,
2025-04-05,beef,cutout,3.39,3.34
2025-04-05,beef,live_price,212.26,212.25
2025-04-05,beef,production,513200000,528600000
2025-04-05,beef,slaughter,591000,609000
2025-04-05,pork,cutout,0.95,0.96
2025-04-05,pork,live_price,87.4,88.3
2025-04-05,pork,production,545200000,535700000
2025-04-05,pork,slaughter,2520000,2480000
2025-04-10,beef,export_korea,5565,
2025-04-10,beef,export_total,14615,
2025-04-10,pork,export_korea,5340,
2025-04-10,pork,export_total,30930,
2025-04-12,beef,cutout,3.37,3.39
2025-04-12,beef,live_price,207.8,212.26
2025-04-12,beef,production,491200000,513200000
2025-04-12,beef,slaughter,564000,591000
2025-04-12,pork,cutout,0.93,0.95
2025-04-12,pork,live_price,83.1,87.4
2025-04-12,pork,production,540100000,543900000
2025-04-12,pork,slaughter,2492000,2514000
2025-04-17,beef,export_korea,4920,
2025-04-17,beef,export_total,13200,
2025-04-17,pork,export_korea,4730,
2025-04-17,pork,export_total,27130,
2025-04-19,beef,cutout,3.34,3.37
2025-04-19,beef,live_price,211.6,207.8
2025-04-19,beef,production,502800000,491200000
2025-04-19,beef,slaughter,576000,564000
2025-04-19,pork,cutout,0.93,0.93
2025-04-19,pork,live_price,83.35,83.1
2025-04-19,pork,production,516400000,534800000
2025-04-19,pork,slaughter,2380000,2484000
2025-04-24,beef,export_korea,5640,
2025-04-24,beef,export_total,15780,
2025-05-01,beef,export_korea,5160,
2025-05-01,beef,export_total,15120,
2025-05-01,pork,export_korea,3455,
2025-05-01,pork,export_total,25570,
2025-05-03,beef,cutout,3.44,3.33
2025-05-03,beef,live_price,220.99,211.05
2025-05-03,beef,production,489500000,485600000
2025-05-03,beef,slaughter,559000,555000
2025-05-03,pork,cutout,0.97,0.96
2025-05-03,pork,live_price,91.51,91.39
2025-05-03,pork,production,539500000,527500000
2025-05-03,pork,slaughter,2486000,2430000
2025-05-08,beef,export_korea,4770,
2025-05-08,beef,export_total,13640,
2025-05-08,pork,export_korea,3070,
2025-05-08,pork,export_total,26490,
2025-05-10,beef,cutout,3.46,3.44
2025-05-10,beef,live_price,224.49,220.99
2025-05-10,beef,production,489300000,489500000
2025-05-10,beef,slaughter,559000,559000
2025-05-10,pork,cutout,0.96,0.97
2025-05-10,pork,live_price,94.47,91.51
2025-05-10,pork,production,528900000,539500000
2025-05-10,pork,slaughter,2437000,2486000
2025-05-15,beef,export_korea,5360,
2025-05-15,beef,export_total,14830,
2025-05-15,pork,export_korea,3420,
2025-05-15,pork,export_total,28550,
2025-05-17,beef,cutout,3.5,3.46
2025-05-17,beef,live_price,226.36,224.49
2025-05-17,beef,production,494300000,489300000
2025-05-17,beef,slaughter,566000,559000
2025-05-17,pork,cutout,0.98,0.96
2025-05-17,pork,live_price,88.1,94.47
2025-05-17,pork,production,522400000,528900000
2025-05-17,pork,slaughter,2409000,2437000
2025-05-22,beef,export_korea,3960,
2025-05-22,beef,export_total,12660,
2025-05-22,pork,export_korea,3700,
2025-05-22,pork,export_total,28890,
2025-05-24,beef,cutout,3.59,3.5
2025-05-24,beef,live_price,229.51,226.36
2025-05-24,beef,production,496900000,494300000
2025-05-24,beef,slaughter,570000,566000
2025-05-24,pork,cutout,1.01,0.98
2025-05-24,pork,live_price,94.86,88.1
2025-05-24,pork,production,511200000,520400000
2025-05-24,pork,slaughter,2362000,2400000
2025-05-29,beef,export_korea,2940,
2025-05-29,beef,export_total,10940,
2025-05-29,pork,export_korea,2765,
2025-05-29,pork,export_total,24080,
2025-05-31,beef,cutout,3.65,3.59
2025-05-31,beef,live_price,228.53,229.51
2025-05-31,beef,production,414800000,496900000
2025-05-31,beef,slaughter,477000,570000
2025-05-31,pork,cutout,1.04,1.01
2025-05-31,pork,live_price,95.4,94.86
2025-05-31,pork,production,466700000,511200000
2025-05-31,pork,slaughter,2163000,2362000
2025-06-05,beef,export_korea,5250,
2025-06-05,beef,export_total,14540,
2025-06-05,pork,export_korea,2460,
2025-06-05,pork,export_total,33760,
2025-06-07,beef,cutout,3.66,3.65
2025-06-07,beef,live_price,234.16,228.53
2025-06-07,beef,production,506300000,414800000
2025-06-07,beef,slaughter,582000,477000
2025-06-07,pork,cutout,1.08,1.04
2025-06-07,pork,live_price,100.55,95.4
2025-06-07,pork,production,508500000,462400000
2025-06-07,pork,slaughter,2363000,2143000
2025-06-12,beef,export_korea,4280,
2025-06-12,beef,export_total,13590,
2025-06-12,pork,export_korea,2720,
2025-06-12,pork,export_total,30250,
2025-06-14,beef,cutout,3.74,3.66
2025-06-14,beef,live_price,237.5,234.16
2025-06-14,beef,production,484900000,506300000
2025-06-14,beef,slaughter,558000,582000
2025-06-14,pork,cutout,1.13,1.08
2025-06-14,pork,live_price,104.95,100.55
2025-06-14,pork,production,513700000,506800000
2025-06-14,pork,slaughter,2387000,2355000
2025-06-19,beef,export_korea,3790,
2025-06-19,beef,export_total,12600,
2025-06-19,pork,export_korea,3715,
2025-06-19,pork,export_total,39890,
2025-06-21,beef,cutout,3.88,3.74
2025-06-21,beef,live_price,236.2,237.5
2025-06-21,beef,production,480100000,484900000
2025-06-21,beef,slaughter,554000,558000
2025-06-21,pork,cutout,1.2,1.13
2025-06-21,pork,live_price,110.46,104.95
2025-06-21,pork,production,508500000,511100000
2025-06-21,pork,slaughter,2365000,2375000
2025-06-26,beef,export_korea,4220,
2025-06-26,beef,export_total,14825,
2025-06-26,pork,export_korea,3020,
2025-06-26,pork,export_total,30070,
2025-06-28,beef,cutout,3.94,3.88
2025-06-28,beef,live_price,227.91,236.2
2025-06-28,beef,production,483600000,485300000
2025-06-28,beef,slaughter,580000,580000
2025-06-28,pork,cutout,1.21,1.2
2025-06-28,pork,live_price,108.09,110.46
2025-06-28,pork,production,517500000,506800000
2025-06-28,pork,slaughter,2408000,2367000
2025-07-03,beef,export_korea,4500,
2025-07-03,beef,export_total,14100,
2025-07-03,pork,export_korea,3350,
2025-07-03,pork,export_total,30100,
2025-07-05,beef,cutout,3.94,3.94
2025-07-05,beef,live_price,229.17,227.91
2025-07-05,beef,production,409200000,483600000
2025-07-05,beef,slaughter,478360,580000
2025-07-05,pork,cutout,1.12,1.21
2025-07-05,pork,live_price,110.21,108.09
2025-07-05,pork,production,395100000,516400000
2025-07-05,pork,slaughter,1846000,2403000
2025-07-10,beef,export_korea,3560,
2025-07-10,beef,export_total,10300,
2025-07-10,pork,export_korea,2300,
2025-07-10,pork,export_total,26500,
2025-07-12,beef,cutout,3.87,3.94
2025-07-12,beef,live_price,235.14,229.17
2025-07-12,beef,production,490600000,409200000
2025-07-12,beef,slaughter,568000,478360
2025-07-12,pork,cutout,1.13,1.12
2025-07-12,pork,live_price,106.69,110.21
2025-07-12,pork,production,504800000,395100000
2025-07-12,pork,slaughter,2371000,1846000
2025-07-17,beef,export_korea,3520,
2025-07-17,beef,export_total,12500,
2025-07-19,beef,cutout,3.75,3.87
2025-07-19,beef,live_price,235.91,235.14
2025-07-19,beef,production,486800000,490600000
2025-07-19,beef,slaughter,563000,568000
2025-07-19,pork,cutout,1.15,1.13
2025-07-19,pork,live_price,105.55,106.69
2025-07-19,pork,production,495300000,500900000
2025-07-19,pork,slaughter,2342000,2353000
2025-07-26,beef,cutout,3.69,3.75
2025-07-26,beef,live_price,231.5,235.91
2025-07-26,beef,production,474200000,486800000
2025-07-26,beef,slaughter,549000,563000
2025-07-26,pork,cutout,1.18,1.15
2025-07-26,pork,live_price,110.27,105.55
2025-07-26,pork,production,493000000,495300000
2025-07-26,pork,slaughter,2338000,2342000
2025-07-31,beef,export_korea,3570,
2025-07-31,beef,export_total,14000,
2025-08-07,beef,export_korea,3350,
2025-08-07,beef,export_total,11400,
2025-08-07,pork,export_korea,2300,
2025-08-07,pork,export_total,27000,
2025-08-09,beef,cutout,3.74,3.64
2025-08-09,beef,live_price,239.26,242.69
2025-08-09,beef,production,462700000,462000000
2025-08-09,beef,slaughter,536000,535000
2025-08-09,pork,cutout,1.17,1.16
2025-08-09,pork,live_price,106.73,108.91
2025-08-09,pork,production,495100000,492300000
2025-08-09,pork,slaughter,2350000,2336000
2025-08-14,beef,export_korea,2500,
2025-08-14,beef,export_total,11100,
2025-08-14,pork,export_korea,2350,
2025-08-14,pork,export_total,28600,
2025-08-16,beef,cutout,3.91,3.74
2025-08-16,beef,live_price,242.64,239.26
2025-08-16,beef,production,457600000,462700000
2025-08-16,beef,slaughter,530000,536000
2025-08-16,pork,cutout,1.16,1.17
2025-08-16,pork,live_price,107.88,106.73
2025-08-16,pork,production,507700000,495100000
2025-08-16,pork,slaughter,2417000,2350000
2025-08-21,beef,export_korea,3610,
2025-08-21,beef,export_total,11500,
2025-08-21,pork,export_korea,2400,
2025-08-21,pork,export_total,25600,
2025-08-23,beef,cutout,4.07,3.91
2025-08-23,beef,live_price,244.92,242.64
2025-08-23,beef,production,472600000,457600000
2025-08-23,beef,slaughter,547000,530000
2025-08-23,pork,cutout,1.13,1.16
2025-08-23,pork,live_price,107.66,107.88
2025-08-23,pork,production,506400000,505800000
2025-08-23,pork,slaughter,2419000,2408000
2025-08-28,beef,export_korea,2800,
2025-08-28,beef,export_total,11500,
2025-08-28,pork,export_korea,1920,
2025-08-28,pork,export_total,26600,
2025-08-30,beef,cutout,4.13,4.07
2025-08-30,beef,live_price,243.44,244.92
2025-08-30,beef,production,488400000,476100000
2025-08-30,beef,slaughter,565000,551000
2025-08-30,pork,cutout,1.13,1.13
2025-08-30,pork,live_price,104.91,107.66
2025-08-30,pork,production,499500000,504500000
2025-08-30,pork,slaughter,2391000,2411000
2025-09-04,beef,export_korea,2530,
2025-09-04,beef,export_total,8700,
2025-09-04,pork,export_korea,2000,
2025-09-04,pork,export_total,23400,
2025-09-06,beef,cutout,4.14,4.13
2025-09-06,beef,live_price,242.59,243.44
2025-09-06,beef,production,421700000,488400000
2025-09-06,beef,slaughter,487000,555000
2025-09-06,pork,cutout,1.15,1.13
2025-09-06,pork,live_price,101.25,104.91
2025-09-06,pork,production,484200000,497600000
2025-09-06,pork,slaughter,2319000,2382000
2025-09-11,beef,export_korea,3160,
2025-09-11,beef,export_total,13200,
2025-09-13,beef,cutout,4.05,4.14
2025-09-13,beef,live_price,239.26,242.59
2025-09-13,beef,production,487400000,421700000
2025-09-13,beef,slaughter,561000,487000
2025-09-13,pork,cutout,1.15,1.15
2025-09-13,pork,live_price,103.94,101.25
2025-09-13,pork,production,525700000,483100000
2025-09-13,pork,slaughter,2514000,2314000
2025-09-18,beef,export_korea,2880,
2025-09-18,beef,export_total,12500,
2025-09-20,beef,cutout,3.89,4.05
2025-09-20,beef,live_price,237.02,239.26
2025-09-20,beef,production,481700000,490900000
2025-09-20,beef,slaughter,552000,565000
2025-09-20,pork,cutout,1.12,1.15
2025-09-20,pork,live_price,103.61,101.25
2025-09-20,pork,production,545300000,524400000
2025-09-20,pork,slaughter,2593000,2508000
2025-09-27,beef,cutout,3.77,3.89
2025-09-27,beef,live_price,239.26,237.02
2025-09-27,beef,production,485400000,481700000
2025-09-27,beef,slaughter,555000,552000
2025-09-27,pork,cutout,1.12,1.12
2025-09-27,pork,live_price,103.94,103.61
2025-09-27,pork,production,536800000,544200000
2025-09-27,pork,slaughter,2537000,2588000
2025-10-02,beef,export_korea,3550,
2025-10-02,beef,export_total,13000,
2025-10-02,pork,export_korea,1890,
2025-10-02,pork,export_total,29210,
2025-10-11,beef,cutout,3.65,3.67
2025-10-11,beef,live_price,230.71,229.96
2025-10-11,beef,slaughter,547000,
2025-10-11,pork,cutout,1.05,1.09
2025-10-11,pork,live_price,96.4,98.72
2025-10-11,pork,slaughter,2577000,
2025-10-18,beef,cutout,3.66,3.65
2025-10-18,beef,live_price,239.73,230.71
2025-10-18,beef,slaughter,567000,547000
2025-10-18,pork,cutout,1.03,1.05
2025-10-18,pork,live_price,90.14,96.4
2025-10-18,pork,slaughter,2588000,2577000
2025-10-23,beef,export_korea,3280,
2025-10-23,beef,export_total,12680,
2025-10-23,pork,export_korea,2370,
2025-10-23,pork,export_total,30320,
2025-10-25,beef,cutout,3.72,3.66
2025-10-25,beef,live_price,239.03,239.73
2025-10-25,beef,slaughter,573000,567000
2025-10-25,pork,cutout,1.01,1.03
2025-10-25,pork,live_price,85.56,90.14
2025-10-25,pork,slaughter,2584000,2588000
2025-10-30,beef,export_korea,3710,
2025-10-30,beef,export_total,10250,
2025-10-30,pork,export_korea,3290,
2025-10-30,pork,export_total,31200,
2025-11-01,beef,cutout,3.79,3.72
2025-11-01,beef,live_price,230.02,239.03
2025-11-01,beef,slaughter,559000,573000
2025-11-01,pork,cutout,1.01,1.01
2025-11-01,pork,live_price,84.17,85.56
2025-11-01,pork,slaughter,2583000,2584000
2025-11-08,beef,cutout,3.78,3.79
2025-11-08,beef,live_price,228.97,230.02
2025-11-08,beef,slaughter,555000,559000
2025-11-08,pork,cutout,0.99,1.01
2025-11-08,pork,live_price,83.99,84.17
2025-11-08,pork,slaughter,2633000,2572000
2025-11-15,beef,cutout,3.75,3.78
2025-11-15,beef,live_price,225.35,228.97
2025-11-15,beef,slaughter,576000,560000
2025-11-15,pork,cutout,0.97,0.99
2025-11-15,pork,live_price,75.84,83.99
2025-11-15,pork,slaughter,2716000,2633000
2025-11-22,beef,cutout,3.71,3.75
2025-11-22,beef,live_price,217.57,225.35
2025-11-22,beef,production,519600000,511400000
2025-11-22,beef,slaughter,585000,576000
2025-11-22,pork,cutout,0.94,0.99
2025-11-22,pork,live_price,70.64,83.99
2025-11-22,pork,production,564700000,584100000
2025-11-22,pork,slaughter,2603000,2701000
2025-11-29,beef,cutout,3.69,3.71
2025-11-29,beef,live_price,209.34,217.57
2025-11-29,beef,production,445600000,519600000
2025-11-29,beef,slaughter,501000,585000
2025-11-29,pork,cutout,0.94,0.94
2025-11-29,pork,live_price,72.09,70.64
2025-11-29,pork,production,469700000,566000000
2025-11-29,pork,slaughter,2163000,2609000
2025-12-04,beef,export_korea,3520,
2025-12-04,beef,export_total,11670,
2025-12-04,pork,export_korea,3030,
2025-12-04,pork,export_total,31200,
2025-12-06,beef,cutout,3.64,3.69
2025-12-06,beef,live_price,10.68,209.34
2025-12-06,beef,production,534600000,442900000
2025-12-06,beef,slaughter,600000,498000
2025-12-06,pork,cutout,0.95,0.94
2025-12-06,pork,live_price,71.53,72.09
2025-12-06,pork,production,587700000,453000000
2025-12-06,pork,slaughter,2702000,2086000
2025-12-11,beef,export_korea,4720,
2025-12-11,beef,export_total,14930,
2025-12-11,pork,export_korea,4050,
2025-12-11,pork,export_total,33590,
2025-12-13,beef,cutout,3.59,3.64
2025-12-13,beef,live_price,228.12,220.02
2025-12-13,beef,production,532400000,534600000
2025-12-13,beef,slaughter,596000,600000
2025-12-13,pork,cutout,0.97,0.95
2025-12-13,pork,live_price,71.28,71.53
2025-12-13,pork,production,593600000,586600000
2025-12-13,pork,slaughter,2727000,2697000
2025-12-20,beef,cutout,3.59,3.59
2025-12-20,beef,live_price,227.89,228.12
2025-12-20,beef,production,525800000,532400000
2025-12-20,beef,slaughter,587000,596000
2025-12-20,pork,cutout,0.99,0.97
2025-12-20,pork,live_price,67.45,71.28
2025-12-20,pork,production,585900000,592500000
2025-12-20,pork,slaughter,2683000,2722000
2025-12-25,pork,export_korea,2800,
2025-12-25,pork,export_total,26140,
2025-12-27,beef,cutout,3.56,3.59
2025-12-27,beef,live_price,229.13,227.96
2025-12-27,beef,production,383900000,525800000
2025-12-27,beef,slaughter,429000,587000
2025-12-27,pork,cutout,0.97,0.99
2025-12-27,pork,live_price,67.19,71.28
2025-12-27,pork,production,432500000,586600000
2025-12-27,pork,slaughter,1978000,2686000
2026-01-03,beef,cutout,3.49,3.56
2026-01-03,beef,live_price,230.43,229.13
2026-01-03,beef,production,423700000,381200000
2026-01-03,beef,slaughter,474000,426000
2026-01-03,pork,cutout,0.95,0.97
2026-01-03,pork,live_price,70.19,67.19
2026-01-03,pork,production,487100000,432500000
2026-01-03,pork,slaughter,2228000,1978000
2026-01-08,pork,export_korea,3310,
2026-01-08,pork,export_total,40670,
2026-01-10,beef,cutout,3.54,3.49
2026-01-10,beef,live_price,231.42,230.43
2026-01-10,beef,production,493300000,423700000
2026-01-10,beef,slaughter,553000,474000
2026-01-10,pork,cutout,0.92,0.95
2026-01-10,pork,live_price,68.08,70.19
2026-01-10,pork,production,586000000,487100000
2026-01-10,pork,slaughter,2683000,2228000
2026-01-15,beef,export_korea,4390,
2026-01-15,beef,export_total,15860,
2026-01-15,pork,export_korea,4180,
2026-01-15,pork,export_total,39220,
2026-01-17,beef,cutout,3.59,3.54
2026-01-17,beef,live_price,234.45,231.42
2026-01-17,beef,production,503400000,493300000
2026-01-17,beef,slaughter,562000,553000
2026-01-17,pork,cutout,0.93,0.92
2026-01-17,pork,live_price,74.78,68.08
2026-01-17,pork,production,574000000,586000000
2026-01-17,pork,slaughter,2623000,2683000
2026-01-22,beef,export_korea,3750,
2026-01-22,beef,export_total,12570,
2026-01-22,pork,export_korea,3810,
2026-01-22,pork,export_total,35920,
2026-01-24,beef,cutout,3.66,3.59
2026-01-24,beef,live_price,231.93,234.45
2026-01-24,beef,production,479100000,503400000
2026-01-24,beef,slaughter,535000,562000
2026-01-24,pork,cutout,0.94,0.93
2026-01-24,pork,live_price,83.56,74.78
2026-01-24,pork,production,546200000,574000000
2026-01-24,pork,slaughter,2484000,2623000
2026-01-29,beef,export_korea,4400,
2026-01-29,beef,export_total,12990,
2026-01-31,beef,cutout,3.68,3.66
2026-01-31,beef,live_price,236.74,231.93
2026-01-31,beef,production,475100000,479100000
2026-01-31,beef,slaughter,531000,535000
2026-01-31,pork,cutout,0.95,0.94
2026-01-31,pork,live_price,83.57,83.56
2026-01-31,pork,production,555600000,542700000
2026-01-31,pork,slaughter,2522000,2468000
2026-02-05,pork,export_korea,3710,
2026-02-05,pork,export_total,36990,
2026-02-07,beef,cutout,3.69,3.68
2026-02-07,beef,live_price,239.91,236.74
2026-02-07,beef,production,477500000,472400000
2026-02-07,beef,slaughter,536000,528000
2026-02-07,pork,cutout,0.95,0.95
2026-02-07,pork,live_price,85.39,83.57
2026-02-07,pork,production,570300000,555100000
2026-02-07,pork,slaughter,2593000,2501000
2026-02-14,beef,cutout,3.66,3.69
2026-02-14,beef,live_price,241,239.91
2026-02-14,beef,production,483100000,477500000
2026-02-14,beef,slaughter,541000,536000
2026-02-14,pork,cutout,0.95,0.95
2026-02-14,pork,live_price,85.22,85.39
2026-02-14,pork,production,547100000,568500000
2026-02-14,pork,slaughter,2497000,2585000
2026-02-19,beef,export_korea,3950,
2026-02-19,beef,export_total,13310,
2026-02-19,pork,export_korea,4880,
2026-02-19,pork,export_total,41090,
2026-02-26,beef,export_korea,4990,
2026-02-26,beef,export_total,14910,
2026-02-26,pork,export_korea,4380,
2026-02-26,pork,export_total,37840,
2026-02-28,beef,cutout,3.77,3.66
2026-02-28,beef,live_price,243.51,241.01
2026-02-28,beef,production,461700000,461200000
2026-02-28,beef,slaughter,516000,516000
2026-02-28,pork,cutout,0.97,0.96
2026-02-28,pork,live_price,90.38,88.96
2026-02-28,pork,production,548400000,544400000
2026-02-28,pork,slaughter,2516000,2493000
2026-03-05,beef,export_korea,3530,
2026-03-05,beef,export_total,11430,
2026-03-05,pork,export_korea,4220,
2026-03-05,pork,export_total,38900,
2026-03-07,beef,cutout,3.86,3.77
2026-03-07,beef,live_price,240,243.51
2026-03-07,beef,production,465600000,464400000
2026-03-07,beef,slaughter,521000,519000
2026-03-07,pork,cutout,0.99,0.97
2026-03-07,pork,live_price,91.69,90.38
2026-03-07,pork,production,544400000,548400000
2026-03-07,pork,slaughter,2497000,2516000
2026-03-12,beef,export_korea,4410,
2026-03-12,beef,export_total,13570,
2026-03-14,beef,cutout,3.96,3.86
2026-03-14,beef,live_price,234.77,240
2026-03-14,beef,production,469400000,465600000
2026-03-14,beef,slaughter,525000,521000
2026-03-14,pork,cutout,1,0.99
2026-03-14,pork,live_price,91.82,91.69
2026-03-14,pork,production,552600000,542400000
2026-03-14,pork,slaughter,2532000,2488000
2026-03-19,beef,export_korea,4110,
2026-03-19,beef,export_total,14490,
2026-03-19,pork,export_korea,4670,
2026-03-19,pork,export_total,39120,
2026-03-21,beef,cutout,4.02,3.96
2026-03-21,beef,live_price,234.05,234.77
2026-03-21,beef,production,455300000,469400000
2026-03-21,beef,slaughter,508000,525000
2026-03-21,pork,cutout,0.99,1
2026-03-21,pork,live_price,90.38,91.82
2026-03-21,pork,production,544100000,552600000
2026-03-21,pork,slaughter,2491000,2532000
2026-03-26,pork,export_korea,4400,
2026-03-26,pork,export_total,39760,
2026-03-28,beef,cutout,3.95,4.02
2026-03-28,beef,live_price,234.94,234.05
2026-03-28,beef,production,467600000,450800000
2026-03-28,beef,slaughter,520000,503000
2026-03-28,pork,cutout,0.97,0.99
2026-03-28,pork,live_price,90.52,90.38
2026-03-28,pork,production,551100000,544100000
2026-03-28,pork,slaughter,2524000,2491000
2026-04-02,beef,export_korea,4560,
2026-04-02,beef,export_total,13320,
2026-04-02,pork,export_korea,4520,
2026-04-02,pork,export_total,35120,
2026-04-04,beef,cutout,3.92,3.95
2026-04-04,beef,live_price,244.86,234.94
2026-04-04,beef,production,480400000,470300000
2026-04-04,beef,slaughter,533000,523000
2026-04-04,pork,cutout,0.97,0.97
2026-04-04,pork,live_price,89.39,90.52
2026-04-04,pork,production,523000000,548500000
2026-04-04,pork,slaughter,2396000,2512000
2026-04-09,beef,export_korea,4210,
2026-04-09,beef,export_total,13430,
2026-04-09,pork,export_korea,4050,
2026-04-09,pork,export_total,35340,
2026-04-11,beef,cutout,3.82,3.92
2026-04-11,beef,live_price,245.58,244.86
2026-04-11,beef,production,461400000,480400000
2026-04-11,beef,slaughter,512000,533000
2026-04-11,pork,cutout,0.98,0.97
2026-04-11,pork,live_price,89.36,89.39
2026-04-11,pork,production,539400000,523000000
2026-04-11,pork,slaughter,2472000,2396000
2026-04-16,beef,export_korea,4200,
2026-04-16,beef,export_total,12450,
2026-04-18,beef,cutout,3.82,3.82
2026-04-18,beef,live_price,248.08,245.58
2026-04-18,beef,production,462400000,461400000
2026-04-18,beef,slaughter,514000,512000
2026-04-18,pork,cutout,0.98,0.98
2026-04-18,pork,live_price,90.28,89.36
2026-04-18,pork,production,545500000,539400000
2026-04-18,pork,slaughter,2502000,2472000
2026-04-23,beef,export_korea,3800,
2026-04-23,beef,export_total,12320,
2026-04-23,pork,export_korea,4050,
2026-04-23,pork,export_total,35030,
2026-04-25,beef,cutout,3.85,3.82
2026-04-25,beef,live_price,246,248.08
2026-04-25,beef,production,475900000,462400000
2026-04-25,beef,slaughter,529000,514000
2026-04-25,pork,cutout,0.99,0.98
2026-04-25,pork,live_price,90.42,90.28
2026-04-25,pork,production,539300000,542000000
2026-04-25,pork,slaughter,2469000,2486000
2026-04-30,beef,export_korea,4430,
2026-04-30,beef,export_total,14210,
2026-04-30,pork,export_korea,3040,
2026-04-30,pork,export_total,40370,
2026-05-02,beef,cutout,3.89,3.85
2026-05-02,beef,live_price,255.02,246
2026-05-02,beef,production,480400000,475900000
2026-05-02,beef,slaughter,534000,529000
2026-05-02,pork,cutout,0.98,0.99
2026-05-02,pork,live_price,92.54,90.42
2026-05-02,pork,production,534300000,539300000
2026-05-02,pork,slaughter,2446000,2469000
2026-05-07,beef,export_korea,4310,
2026-05-07,beef,export_total,12530,
2026-05-07,pork,export_korea,3060,
2026-05-07,pork,export_total,35180,
2026-05-09,beef,cutout,3.9,3.89
2026-05-09,beef,live_price,258.32,255.02
2026-05-09,beef,production,473800000,480400000
2026-05-09,beef,slaughter,527000,534000
2026-05-09,pork,cutout,0.96,0.98
2026-05-09,pork,live_price,93.77,92.54
2026-05-09,pork,production,535800000,534300000
2026-05-09,pork,slaughter,2450000,2446000
2026-05-14,beef,export_korea,4420,
2026-05-14,beef,export_total,12260,
2026-05-16,beef,cutout,3.89,3.9
2026-05-16,beef,live_price,262.77,258.32
2026-05-16,beef,production,480400000,473800000
2026-05-16,beef,slaughter,535000,527000
2026-05-16,pork,cutout,0.97,0.96
2026-05-16,pork,live_price,91.52,93.77
2026-05-16,pork,production,516400000,535800000
2026-05-16,pork,slaughter,2366000,2450000
2026-05-23,beef,cutout,3.93,3.89
2026-05-23,beef,live_price,260.88,262.77
2026-05-23,beef,production,474400000,480400000
2026-05-23,beef,slaughter,528000,535000
2026-05-23,pork,cutout,0.97,0.97
2026-05-23,pork,live_price,93.23,91.52
2026-05-23,pork,production,507000000,514900000
2026-05-23,pork,slaughter,2321000,2359000
2026-05-28,beef,export_korea,3250,
2026-05-28,beef,export_total,10180,
2026-06-04,beef,export_korea,3940,
2026-06-04,beef,export_total,15240,
2026-06-04,pork,export_korea,2340,
2026-06-04,pork,export_total,34200,
2026-06-06,beef,cutout,3.94,3.93
2026-06-06,beef,live_price,256.38,256
2026-06-06,beef,production,479100000,402500000
2026-06-06,beef,slaughter,533000,448000
2026-06-06,pork,cutout,1,0.99
2026-06-06,pork,live_price,93.85,93.23
2026-06-06,pork,production,530000000,466500000
2026-06-06,pork,slaughter,2428000,2138000
2026-06-11,beef,export_korea,3470,
2026-06-11,beef,export_total,13020,
2026-06-13,beef,cutout,3.93,3.94
2026-06-13,beef,live_price,254.15,256.38
2026-06-13,beef,production,468900000,479100000
2026-06-13,beef,slaughter,524000,533000
2026-06-13,pork,cutout,0.96,1
2026-06-13,pork,live_price,95.27,93.85
2026-06-13,pork,production,524200000,528700000
2026-06-13,pork,slaughter,2402000,2422000
2026-06-20,beef,cutout,3.95,3.93
2026-06-20,beef,live_price,256.08,254.15
2026-06-20,beef,production,469600000,468900000
2026-06-20,beef,slaughter,526000,524000
2026-06-20,pork,cutout,0.96,0.96
2026-06-20,pork,live_price,93.91,95.27
2026-06-20,pork,production,517600000,522200000
2026-06-20,pork,slaughter,2371000,2393000
2026-06-25,beef,export_korea,4730,
2026-06-25,beef,export_total,17800,
2026-06-25,pork,export_korea,2280,
2026-06-25,pork,export_total,31800,
2026-07-02,beef,export_korea,4500,
2026-07-02,beef,export_total,14490,
2026-07-02,pork,export_korea,1930,
2026-07-02,pork,export_total,30180,
2026-07-04,beef,cutout,3.91,3.97
2026-07-04,beef,live_price,255.25,260
2026-07-04,beef,production,407200000,477600000
2026-07-04,beef,slaughter,458000,537000
2026-07-04,pork,cutout,0.96,0.95
2026-07-04,pork,live_price,95.47,93.44
2026-07-04,pork,production,428300000,514100000
2026-07-04,pork,slaughter,1974000,2361000
2026-07-09,beef,export_korea,3160,
2026-07-09,beef,export_total,10350,
2026-07-09,pork,export_korea,1800,
2026-07-09,pork,export_total,25220,
2026-07-11,beef,cutout,3.83,3.91
2026-07-11,beef,live_price,248,255.25
2026-07-11,beef,production,469100000,407200000
2026-07-11,beef,slaughter,529000,458000
2026-07-11,pork,cutout,0.98,0.95
2026-07-11,pork,live_price,98.3,93.44
2026-07-11,pork,production,511400000,514100000
2026-07-11,pork,slaughter,2369000,2361000
2026-07-18,beef,cutout,3.71,3.83
2026-07-18,beef,live_price,238.59,248
2026-07-18,beef,production,465000000,469100000
2026-07-18,beef,slaughter,525000,529000
2026-07-18,pork,cutout,1.02,0.98
2026-07-18,pork,live_price,99.32,98.3
2026-07-18,pork,production,496700000,510300000
2026-07-18,pork,slaughter,2310000,2364000
